,Units,Date,Month,Year,Date.1,Time,Temperature,Ph,Algae Coverage,Algae species,Fauna Species,Snails,Nerites,Crabs,Barnacles,Limpets,Landslugs,Tubeworm,Anemone,Shrimps,Bivalves,Ascidians,Sponge,Other,is_treatment,shannons_index,treatment_group,month_rainfall
0,E9,18,3,2016,3/18/16,2:30:00 PM,38.4,,90,1,1,2,10,0,0,0,0,0,0,0,0,0,0,0,1,0.4505612088663046,D1B,6.2
1,E8,18,3,2016,3/18/16,2:35:00 PM,37.9,,70,1,1,2,20,0,0,0,0,0,0,0,0,0,0,0,1,0.3046360973492381,D2A,6.2
2,E7 (CON),18,3,2016,3/18/16,2:40:00 PM,35.2,,0,0,0,0,0,0,0,0,0,0,0,0,0,0,0,0,0,0,CON,6.2
3,E6,18,3,2016,3/18/16,2:45:00 PM,37.9,,20,1,1,1,0,0,0,0,0,0,0,0,0,0,0,0,1,0,D1A,6.2
4,E5,18,3,2016,3/18/16,2:50:00 PM,37.8,,20,1,1,1,0,0,0,0,0,0,0,0,0,0,0,0,1,0,D1A,6.2
5,E4 (CON),18,3,2016,3/18/16,2:55:00 PM,35,,0,0,0,0,0,0,0,0,0,0,0,0,0,0,0,0,0,0,CON,6.2
6,E3,18,3,2016,3/18/16,3:00:00 PM,38.2,,50,1,1,2,20,0,0,0,0,0,0,0,0,0,0,0,1,0.3046360973492381,D2B,6.2
7,E2,18,3,2016,3/18/16,3:05:00 PM,38.1,,80,1,1,2,10,0,0,0,0,0,0,0,0,0,0,0,1,0.4505612088663046,D2B,6.2
8,E1,18,3,2016,3/18/16,3:10:00 PM,38,,80,1,1,2,10,0,0,0,0,0,0,0,0,0,0,0,1,0.4505612088663046,D2B,6.2
9,W1 (CON),18,3,2016,3/18/16,3:15:00 PM,35,,0,0,0,0,0,0,0,0,0,0,0,0,0,0,0,0,0,0,CON,6.2
10,W2,18,3,2016,3/18/16,3:20:00 PM,38,,10,1,1,1,40,0,0,0,0,0,0,0,0,0,0,0,1,0.11466528220290655,D1B,6.2
11,W3,18,3,2016,3/18/16,3:25:00 PM,37.8,,0,0,0,0,30,0,0,0,0,0,0,0,0,0,0,0,1,0,D1A,6.2
12,W4,18,3,2016,3/18/16,3:30:00 PM,37.5,,10,1,2,1,50,0,0,0,0,0,0,0,0,0,0,0,1,0.09650896073594732,D2B,6.2
13,W5 (CON),18,3,2016,3/18/16,3:35:00 PM,35,,0,0,0,0,0,0,0,0,0,0,0,0,0,0,0,0,0,0,CON,6.2
14,W6,18,3,2016,3/18/16,3:40:00 PM,37.5,,40,1,1,2,40,0,0,0,0,0,0,0,0,0,0,0,1,0.19144408195771734,D2A,6.2
15,W7,18,3,2016,3/18/16,3:45:00 PM,37.7,,50,1,1,2,40,0,0,0,0,0,0,0,0,0,0,0,1,0.19144408195771734,D2A,6.2
16,W8,18,3,2016,3/18/16,3:50:00 PM,37.7,,70,1,1,2,10,0,0,0,0,0,0,0,0,0,0,0,1,0.4505612088663046,D1B,6.2
17,W9,18,3,2016,3/18/16,3:55:00 PM,37.6,,60,1,1,2,10,0,0,0,0,0,0,0,0,0,0,0,1,0.4505612088663046,D2A,6.2
18,W10,18,3,2016,3/18/16,4:00:00 PM,37.7,,70,1,1,2,10,0,0,0,0,0,0,0,0,0,0,0,1,0.4505612088663046,D1B,6.2
19,E1,1,4,2016,4/1/16,11:30:00 AM,34.6,9.28,30,1,1,10,0,0,0,0,0,0,0,0,0,0,0,0,1,0,D2B,89.8
20,E2,1,4,2016,4/1/16,11:35:00 AM,34.5,9.46,30,1,1,10,0,0,0,0,0,0,0,0,0,0,0,0,1,0,D2B,89.8
21,E3,1,4,2016,4/1/16,11:37:00 AM,34.5,9.28,30,1,1,5,0,0,0,0,0,0,0,0,0,0,0,0,1,0,D2B,89.8
22,E4 (CON),1,4,2016,4/1/16,11:38:00 AM,32,,0,0,0,0,0,0,0,0,0,0,0,0,0,0,0,0,0,0,CON,89.8
23,E5,1,4,2016,4/1/16,11:41:00 AM,32,,10,0,0,5,0,0,0,0,0,0,0,0,0,0,0,0,1,0,D1A,89.8
24,E6,1,4,2016,4/1/16,11:43:00 AM,34.6,9.19,15,1,0,0,0,0,0,0,0,0,0,0,0,0,0,0,1,0,D1A,89.8
25,E7 (CON),1,4,2016,4/1/16,11:44:00 AM,32,,0,0,0,0,0,0,0,0,0,0,0,0,0,0,0,0,0,0,CON,89.8
26,E8,1,4,2016,4/1/16,11:45:00 AM,34.4,9.25,50,1,1,10,0,0,0,0,0,0,0,0,0,0,0,0,1,0,D2A,89.8
27,E9,1,4,2016,4/1/16,11:48:00 AM,34.2,9.07,50,1,1,10,0,0,0,0,0,0,0,0,0,0,0,0,1,0,D1B,89.8
28,W1 (CON),1,4,2016,4/1/16,11:50:00 AM,32,,0,0,0,0,0,0,0,0,0,0,0,0,0,0,0,0,0,0,CON,89.8
29,W2,1,4,2016,4/1/16,11:51:00 AM,34.4,9.27,40,1,1,40,0,0,0,0,0,0,0,0,0,0,0,0,1,0,D1B,89.8
30,W3,1,4,2016,4/1/16,11:52:00 AM,32,,5,1,2,30,0,0,10,0,0,0,0,0,0,0,0,0,1,0.5623351446188083,D1A,89.8
31,W4,1,4,2016,4/1/16,11:54:00 AM,34.5,9.54,55,1,2,50,0,0,0,0,0,0,0,0,0,0,0,0,1,0,D2B,89.8
32,W5 (CON),1,4,2016,4/1/16,11:59:00 AM,33,,0,0,0,0,0,0,0,0,0,0,0,0,0,0,0,0,0,0,CON,89.8
33,W6,1,4,2016,4/1/16,12:00:00 PM,34.7,9.53,60,1,2,10,0,0,40,0,0,0,0,0,0,0,0,0,1,0.5004024235381879,D2A,89.8
34,W7,1,4,2016,4/1/16,12:03:00 PM,34.7,9.66,80,1,2,50,0,0,0,0,0,0,0,0,0,0,0,0,1,0,D2A,89.8
35,W8,1,4,2016,4/1/16,12:05:00 PM,34.7,9.68,75,1,3,40,0,1,0,0,0,0,0,0,0,0,0,0,1,0.11466528220290655,D1B,89.8
36,W9,1,4,2016,4/1/16,12:08:00 PM,34.6,9.74,80,1,3,40,2,0,0,0,0,0,0,0,0,0,0,0,1,0.19144408195771734,D2A,89.8
37,W10,1,4,2016,4/1/16,12:11:00 PM,34.6,9.74,75,1,1,40,0,0,0,0,0,0,0,0,0,0,0,0,1,0,D1B,89.8
38,E1,11,5,2016,5/11/16,9:00:00 AM,29.8,,100,1,2,10,0,1,30,0,0,0,0,0,0,0,0,0,1,0.6632849354895488,D2B,193.8
39,E2,11,5,2016,5/11/16,9:03:00 AM,29.7,,95,1,4,15,0,1,20,10,0,0,0,0,0,0,0,0,1,1.1425272787161944,D2B,193.8
40,E3,11,5,2016,5/11/16,9:07:00 AM,29.8,,100,1,2,15,0,3,0,0,0,0,0,0,0,0,0,0,1,0.4505612088663046,D2B,193.8
41,E4 (CON),11,5,2016,5/11/16,9:10:00 AM,31.5,,50,1,1,0,0,0,0,0,2,0,0,0,0,0,0,0,0,0,CON,193.8
42,E5,11,5,2016,5/11/16,9:11:00 AM,31.5,,5,1,1,10,0,0,0,0,0,0,0,0,0,0,0,0,1,0,D1A,193.8
43,E6,11,5,2016,5/11/16,9:15:00 AM,30,,80,1,3,15,0,2,20,0,0,0,0,0,0,0,0,0,1,0.856277565381174,D1A,193.8
44,E7 (CON),11,5,2016,5/11/16,9:18:00 AM,31.5,,20,1,2,0,0,0,0,5,3,0,0,0,0,0,0,0,0,0.6615632381579821,CON,193.8
45,E8,11,5,2016,5/11/16,9:19:00 AM,30,,80,1,3,30,0,0,0,10,2,0,0,0,0,0,0,0,1,0.7270013625470586,D2A,193.8
46,E9,11,5,2016,5/11/16,9:25:00 AM,30,,80,1,2,10,0,0,0,0,1,0,0,0,0,0,0,0,1,0.3046360973492381,D1B,193.8
47,W1 (CON),11,5,2016,5/11/16,9:27:00 AM,31.5,,10,1,0,0,0,0,0,0,0,0,0,0,0,0,0,0,0,0,CON,193.8
48,W2,11,5,2016,5/11/16,9:30:00 AM,30.1,,75,1,1,60,0,0,0,0,0,0,0,0,0,0,0,0,1,0,D1B,193.8
49,W3,11,5,2016,5/11/16,9:35:00 AM,30.1,,5,1,2,50,0,0,10,0,0,0,0,0,0,0,0,0,1,0.4505612088663046,D1A,193.8
50,W4,11,5,2016,5/11/16,9:40:00 AM,30.1,,45,1,1,50,0,0,0,0,0,0,0,0,0,0,0,0,1,0,D2B,193.8
51,W5 (CON),11,5,2016,5/11/16,9:46:00 AM,31.5,,5,1,1,0,0,0,0,5,0,0,0,0,0,0,0,0,0,0,CON,193.8
52,W6,11,5,2016,5/11/16,9:47:00 AM,30.2,,20,1,3,150,2,0,80,0,0,0,0,0,0,0,0,0,1,0.6900834093841168,D2A,193.8
53,W7,11,5,2016,5/11/16,9:50:00 AM,30.2,,5,2,3,120,1,0,50,0,0,0,0,0,0,0,0,0,1,0.6381538523783743,D2A,193.8
54,W8,11,5,2016,5/11/16,9:55:00 AM,30.2,,70,1,3,90,4,0,70,0,0,0,0,0,0,0,0,0,1,0.7832645088140854,D1B,193.8
55,W9,11,5,2016,5/11/16,9:59:00 AM,30.2,,85,1,2,100,2,0,30,0,0,0,0,0,0,0,0,0,1,0.610534995239449,D2A,193.8
56,W10,11,5,2016,5/11/16,10:05:00 AM,30.2,,80,1,3,100,2,1,0,0,0,0,0,0,0,0,0,0,1,0.15023080415265488,D1B,193.8
57,E1,31,5,2016,5/31/16,11:30:00 AM,32.4,9.18,100,1,4,0,0,1,40,2,2,1,0,0,0,0,0,0,1,0.560646464167416,D2B,193.8
58,E2,31,5,2016,5/31/16,11:35:00 AM,32.2,9.3,70,1,2,7,0,1,0,0,0,0,0,0,0,0,0,0,1,0.3767701612564368,D2B,193.8
59,E3,31,5,2016,5/31/16,11:39:00 AM,31.8,9.2,90,1,2,0,0,1,0,0,1,0,0,0,0,0,0,0,1,0.6931471805599453,D2B,193.8
60,E4 (CON),31,5,2016,5/31/16,11:45:00 AM,30.5,,0,0,0,0,0,0,0,0,0,0,0,0,0,0,0,0,0,0,CON,193.8
61,E5,31,5,2016,5/31/16,11:46:00 AM,30.5,,20,1,2,10,0,0,0,1,0,0,0,0,0,0,0,0,1,0.3046360973492381,D1A,193.8
62,E6,31,5,2016,5/31/16,11:50:00 AM,31.9,9.36,95,1,2,15,0,0,0,0,0,0,0,0,0,0,0,0,1,0,D1A,193.8
63,E7 (CON),31,5,2016,5/31/16,11:51:00 AM,30.5,,0,1,0,0,0,0,0,0,0,0,0,0,0,0,0,0,0,0,CON,193.8
64,E8,31,5,2016,5/31/16,11:55:00 AM,31.8,9.32,80,1,3,0,0,2,0,10,2,0,1,0,0,0,0,0,1,0.9881542242901942,D2A,193.8
65,E9,31,5,2016,5/31/16,12:00:00 PM,31.3,9.3,100,1,4,10,0,3,0,0,2,0,1,0,0,0,0,0,1,1.040839837423239,D1B,193.8
66,W1 (CON),31,5,2016,5/31/16,12:02:00 PM,30.5,,0,1,0,0,0,0,0,0,0,0,0,0,0,0,0,0,0,0,CON,193.8
67,W2,31,5,2016,5/31/16,12:07:00 PM,33.4,9.39,100,1,2,20,0,0,0,10,0,0,0,0,0,0,0,0,1,0.6365141682948128,D1B,193.8
68,W3,31,5,2016,5/31/16,12:11:00 PM,30.5,,0,0,3,40,0,1,10,15,0,0,0,0,0,0,0,0,1,0.9896277403441368,D1A,193.8
69,W4,31,5,2016,5/31/16,12:15:00 PM,32.5,9.46,50,2,3,200,0,0,40,20,0,0,0,0,0,0,0,0,1,0.6870920273799715,D2B,193.8
70,W5 (CON),31,5,2016,5/31/16,12:20:00 PM,30.5,,0,0,0,0,0,0,0,0,0,0,0,0,0,0,0,0,0,0,CON,193.8
71,W6,31,5,2016,5/31/16,12:22:00 PM,32.8,9.39,10,2,4,200,0,1,30,40,0,0,0,0,0,0,0,0,1,0.7709211348131716,D2A,193.8
72,W7,31,5,2016,5/31/16,12:26:00 PM,32.9,9.34,15,2,4,300,0,0,50,40,0,0,1,0,0,0,0,0,1,0.7147662023566571,D2A,193.8
73,W8,31,5,2016,5/31/16,12:31:00 PM,33.2,9.5,85,3,2,100,0,0,100,0,0,0,0,0,0,0,0,0,1,0.6931471805599453,D1B,193.8
74,W9,31,5,2016,5/31/16,12:35:00 PM,33.5,9.35,90,1,2,80,0,0,20,0,0,0,0,0,0,0,0,0,1,0.5004024235381879,D2A,193.8
75,W10,31,5,2016,5/31/16,12:40:00 PM,32.7,9.39,90,1,2,50,0,0,20,0,0,0,0,0,0,0,0,0,1,0.5982695885852573,D1B,193.8
76,E1,13,6,2016,6/13/16,10:56:00 AM,32.4,8.66,100,2,2,10,0,0,0,10,0,0,0,0,0,0,0,0,1,0.6931471805599453,D2B,163.2
77,E2,13,6,2016,6/13/16,11:04:00 AM,32.8,8.84,100,3,2,10,0,0,0,50,0,0,0,0,0,0,0,0,1,0.4505612088663046,D2B,163.2
78,E3,13,6,2016,6/13/16,11:13:00 AM,32.2,8.93,100,1,1,0,0,0,0,10,1,0,0,0,0,0,0,0,1,0.3046360973492381,D2B,163.2
79,E4 (CON),13,6,2016,6/13/16,11:17:00 AM,30.4,,0,0,0,0,0,0,0,0,0,0,0,0,0,0,0,0,0,0,CON,163.2
80,E5,13,6,2016,6/13/16,11:18:00 AM,30.4,,3,1,4,50,0,1,100,40,0,0,0,0,0,0,0,0,1,1.0445595692258245,D1A,163.2
81,E6,13,6,2016,6/13/16,11:23:00 AM,33.2,9.05,80,1,3,10,0,1,0,25,0,0,0,0,0,0,0,0,1,0.7085815342437357,D1A,163.2
82,E7 (CON),13,6,2016,6/13/16,11:29:00 AM,30.4,,0,0,0,0,0,0,0,0,0,0,0,0,0,0,0,0,0,0,CON,163.2
83,E8,13,6,2016,6/13/16,11:30:00 AM,33.7,9.08,90,1,5,5,0,1,5,25,4,0,0,0,0,0,0,0,1,1.1360931493507966,D2A,163.2
84,E9,13,6,2016,6/13/16,11:38:00 AM,33.6,9.06,90,3,3,20,0,3,100,100,2,0,1,0,0,0,0,0,1,1.0593367076978506,D1B,163.2
85,W1 (CON),13,6,2016,6/13/16,11:45:00 AM,30.4,,0,0,0,0,0,0,0,0,0,0,0,0,0,0,0,0,0,0,CON,163.2
86,W2,13,6,2016,6/13/16,11:46:00 AM,34.3,9.1,90,1,2,20,0,0,50,0,0,0,0,0,0,0,0,0,1,0.5982695885852573,D1B,163.2
87,W3,13,6,2016,6/13/16,11:51:00 AM,30.4,,2,0,3,120,0,1,100,0,0,0,0,0,0,0,0,0,1,0.7148322592885462,D1A,163.2
88,W4,13,6,2016,6/13/16,11:55:00 AM,34,9.1,65,2,4,150,1,0,100,100,0,0,0,0,0,0,0,0,1,1.0954604932320864,D2B,163.2
89,W5 (CON),13,6,2016,6/13/16,11:57:00 AM,30.4,,0,0,0,0,0,0,0,0,0,0,0,0,0,0,0,0,0,0,CON,163.2
90,W6,13,6,2016,6/13/16,11:58:00 AM,34.4,8.93,15,2,3,100,0,1,100,100,0,0,0,0,0,0,0,0,1,1.1172396474849973,D2A,163.2
91,W7,13,6,2016,6/13/16,12:01:00 PM,34.4,9,20,3,3,50,0,0,100,10,0,0,0,0,0,0,0,0,1,0.8305236914828464,D2A,163.2
92,W8,13,6,2016,6/13/16,12:06:00 PM,34.4,9.29,60,3,3,20,2,0,100,0,0,0,0,0,0,0,0,0,1,0.5268246641512168,D1B,163.2
93,W9,13,6,2016,6/13/16,12:10:00 PM,34.6,9.34,80,2,2,50,5,0,100,0,0,0,0,0,0,0,0,0,1,0.7584873205812663,D2A,163.2
94,W10,13,6,2016,6/13/16,12:11:00 PM,34.6,9.24,70,1,5,15,5,3,100,10,0,0,0,0,0,0,0,0,1,0.8639833464664337,D1B,163.2
95,E1,27,6,2016,6/27/16,10:28:00 AM,28.7,8.43,90,2,4,10,0,2,0,18,4,0,0,0,0,0,0,0,1,1.11506598409643,D2B,163.2
96,E2,27,6,2016,6/27/16,10:45:00 AM,29.3,8.43,70,1,4,20,0,0,68,50,0,0,0,0,0,0,0,0,1,0.9965122380958832,D2B,163.2
97,E3,27,6,2016,6/27/16,10:59:00 AM,29.8,8.53,90,1,4,3,0,1,5,55,0,0,0,0,0,0,0,0,1,0.5378463393602855,D2B,163.2
98,E4 (CON),27,6,2016,6/27/16,11:00:00 AM,29.1,,0,0,0,0,0,0,0,0,0,0,0,0,0,0,0,0,0,0,CON,163.2
99,E5,27,6,2016,6/27/16,11:06:00 AM,29.1,,5,1,1,0,0,1,0,0,0,0,0,0,0,0,0,0,1,0,D1A,163.2
100,E6,27,6,2016,6/27/16,11:13:00 AM,30.3,8.63,95,1,2,13,0,0,0,22,0,0,0,0,0,0,0,0,1,0.659711615178473,D1A,163.2
101,E7 (CON),27,6,2016,6/27/16,11:20:00 AM,29.1,,0,0,0,0,0,0,0,0,0,0,0,0,0,0,0,0,0,0,CON,163.2
102,E8,27,6,2016,6/27/16,11:22:00 AM,30.8,8.65,85,1,4,20,0,0,5,10,0,1,0,0,0,0,0,0,1,1.056083217256366,D2A,163.2
103,E9,27,6,2016,6/27/16,11:30:00 AM,30.9,8.84,90,2,3,0,0,0,23,5,1,0,0,0,0,0,0,0,1,0.6030352600367863,D1B,163.2
104,W1 (CON),27,6,2016,6/27/16,11:38:00 AM,29.1,,0,0,0,0,0,0,0,0,0,0,0,0,0,0,0,0,0,0,CON,163.2
105,W2,27,6,2016,6/27/16,11:50:00 AM,31.6,8.84,100,2,2,0,0,1,3,3,0,4,0,0,0,0,0,0,1,1.294545165844896,D1B,163.2
106,W3,27,6,2016,6/27/16,12:07:00 AM,29.1,,20,1,3,3,2,0,60,0,0,0,0,0,0,0,0,0,1,0.3229595012733253,D1A,163.2
107,W4,27,6,2016,6/27/16,12:10:00 PM,32.1,9.48,95,2,1,0,2,0,0,0,0,0,0,0,0,0,0,0,1,0,D2B,163.2
108,W5 (CON),27,6,2016,6/27/16,12:16:00 PM,29.1,,0,0,0,0,0,0,0,15,0,0,0,0,0,0,0,0,0,0,CON,163.2
109,W6,27,6,2016,6/27/16,12:18:00 PM,32.3,9.45,95,3,4,1,1,3,1,0,0,0,0,0,0,0,0,0,1,1.242453324894,D2A,163.2
110,W7,27,6,2016,6/27/16,12:25:00 PM,32.2,9.49,80,3,3,4,4,2,0,0,0,0,0,0,0,0,0,0,1,1.0549201679861442,D2A,163.2
111,W8,27,6,2016,6/27/16,12:32:00 PM,32.4,9.6,100,3,3,0,3,4,500,0,0,0,0,0,0,0,0,0,1,0.08226827475177531,D1B,163.2
112,W9,27,6,2016,6/27/16,12:38:00 PM,32.3,9.64,100,2,2,7,5,0,0,0,0,0,0,0,0,0,0,0,1,0.6791932659915256,D2A,163.2
113,W10,27,6,2016,6/27/16,12:45:00 PM,32.4,9.58,100,2,3,3,4,0,0,1,0,0,0,0,0,0,0,0,1,0.9743147528693494,D1B,163.2
114,E1,23,8,2016,8/23/16,9:58:00 AM,28.9,,50,1,4,15,8,1,120,0,0,10,0,0,0,0,0,0,1,0.7851269828437732,D2B,139.2
115,E2,23,8,2016,8/23/16,10:05:00 AM,29,,30,3,4,10,8,2,0,0,0,50,0,1,0,0,0,0,1,0.9295977940003812,D2B,139.2
116,E3,23,8,2016,8/23/16,10:12:00 AM,29.4,,40,1,3,15,2,3,0,0,0,0,0,0,0,0,0,0,1,0.7305880613711224,D2B,139.2
117,E4 (CON),23,8,2016,8/23/16,10:17:00 AM,27.7,,60,1,0,0,0,0,0,0,0,0,0,0,0,0,0,0,0,0,CON,139.2
118,E5,23,8,2016,8/23/16,10:19:00 AM,27.7,,5,1,3,5,2,0,5,3,0,0,0,0,0,0,0,0,1,1.3229495110045286,D1A,139.2
119,E6,23,8,2016,8/23/16,10:22:00 AM,30.6,,40,2,2,0,0,5,0,0,0,0,0,0,3,0,0,0,1,0.6615632381579821,D1A,139.2
120,E7 (CON),23,8,2016,8/23/16,10:25:00 AM,27.7,,80,1,0,0,0,0,0,0,0,0,0,0,0,0,0,0,0,0,CON,139.2
121,E8,23,8,2016,8/23/16,10:27:00 AM,31.5,,30,2,3,50,0,0,40,20,1,5,0,0,0,0,0,0,1,1.2094680922338208,D2A,139.2
122,E9,23,8,2016,8/23/16,10:34:00 AM,31.9,,20,2,5,100,0,1,50,30,0,0,1,0,0,0,0,0,1,1.0383248721312948,D1B,139.2
123,W1 (CON),23,8,2016,8/23/16,10:40:00 AM,27.7,,0,0,0,0,0,0,0,0,0,0,0,0,0,0,0,0,0,0,CON,139.2
124,W2,23,8,2016,8/23/16,10:43:00 AM,32,,20,3,4,5,0,2,0,5,0,2,0,0,0,0,0,0,1,1.2914167691452023,D1B,139.2
125,W3,23,8,2016,8/23/16,10:45:00 AM,27.7,,5,1,4,30,2,0,30,10,0,0,0,0,0,0,0,0,1,1.1032773941439766,D1A,139.2
126,W4,23,8,2016,8/23/16,10:49:00 AM,32.1,,25,1,4,15,6,0,8,30,0,3,0,0,0,0,0,0,1,1.3313505063159117,D2B,139.2
127,W5 (CON),23,8,2016,8/23/16,10:52:00 AM,27.7,,0,0,0,0,0,0,0,5,0,0,0,0,0,0,0,0,0,0,CON,139.2
128,W6,23,8,2016,8/23/16,10:56:00 AM,32.5,,40,2,4,5,3,3,0,0,0,10,0,0,0,0,0,0,1,1.2509646175272506,D2A,139.2
129,W7,23,8,2016,8/23/16,11:02:00 AM,32.7,,50,4,3,0,3,0,90,0,0,20,0,0,0,1,0,0,1,0.6292392144751271,D2A,139.2
130,W8,23,8,2016,8/23/16,11:08:00 AM,31.7,,50,2,3,0,7,0,80,0,0,30,0,0,0,0,0,0,1,0.7773925393519239,D1B,139.2
131,W9,23,8,2016,8/23/16,11:10:00 AM,31.7,,65,2,4,30,4,3,0,0,0,5,0,0,0,0,0,0,1,0.9061428248900574,D2A,139.2
132,W10,23,8,2016,8/23/16,11:13:00 AM,31.3,,80,2,4,8,7,0,15,0,0,30,0,0,0,0,0,0,1,1.2124515981683726,D1B,139.2
133,E1,5,10,2016,10/5/16,5:57:00 PM,29.9,9.08,80,2,3,42,0,0,9,0,0,10,0,0,0,0,0,0,1,0.8357427806672801,D2B,181
134,E2,5,10,2016,10/5/16,6:05:00 PM,29.9,9.34,75,3,3,20,0,1,38,0,0,0,0,0,0,0,0,0,1,0.7191828754195757,D2B,181
135,E3,5,10,2016,10/5/16,6:15:00 PM,29.4,9.04,70,2,3,121,0,1,15,0,0,0,0,0,0,0,0,0,1,0.3877808598884255,D2B,181
136,E4 (CON),5,10,2016,10/5/16,6:25:00 PM,30.4,,5,1,0,0,0,0,0,0,0,0,0,0,0,0,0,0,0,0,CON,181
137,E5,5,10,2016,10/5/16,6:28:00 PM,30.4,,3,1,2,0,0,0,10,45,0,0,0,0,0,0,0,0,1,0.4741393130578374,D1A,181
138,E6,5,10,2016,10/5/16,6:35:00 PM,29.3,8.75,80,3,3,0,0,3,10,0,0,5,0,0,0,0,0,0,1,0.9809896824453154,D1A,181
139,E7 (CON),5,10,2016,10/5/16,6:40:00 PM,30.4,,15,1,0,0,0,0,0,0,0,0,0,0,0,0,0,0,0,0,CON,181
140,E8,5,10,2016,10/5/16,6:41:00 PM,29.4,8.88,50,3,3,18,3,0,45,0,0,2,0,0,0,0,0,0,1,0.8664395447508191,D2A,181
141,E9,5,10,2016,10/5/16,6:46:00 PM,29.1,8.83,25,2,4,5,3,0,50,0,0,25,1,0,0,0,0,0,1,1.0091968902565618,D1B,181
142,W1 (CON),5,10,2016,10/5/16,6:50:00 PM,30.4,,0,0,0,0,0,0,0,0,0,0,0,0,0,0,0,0,0,0,CON,181
143,W2,5,10,2016,10/5/16,6:51:00 PM,29.3,8.72,30,2,3,15,0,2,20,70,0,0,0,0,0,0,0,0,1,0.9409002382732334,D1B,181
144,W3,5,10,2016,10/5/16,6:55:00 PM,30,,5,1,3,150,1,0,35,0,0,0,0,0,0,0,0,0,1,0.5158946507746645,D1A,181
145,W4,5,10,2016,10/5/16,7:00:00 PM,29.1,8.74,15,1,2,160,2,0,70,5,0,0,0,0,0,0,0,0,1,0.7471489120036635,D2B,181
146,W5 (CON),5,10,2016,10/5/16,7:03:00 PM,30,,0,0,1,0,0,0,0,5,0,0,0,0,0,0,0,0,0,0,CON,181
147,W6,5,10,2016,10/5/16,7:04:00 PM,29.1,8.94,50,2,2,65,1,0,10,0,0,0,0,0,0,0,0,0,1,0.457561978797425,D2A,181
148,W7,5,10,2016,10/5/16,7:14:00 PM,28.9,8.84,50,2,3,23,3,0,15,0,0,0,0,0,0,1,0,0,1,0.9749801694998462,D2A,181
149,W8,5,10,2016,10/5/16,7:12:00 PM,29.1,8.67,30,2,3,9,3,0,80,0,0,0,0,0,0,0,0,0,1,0.4605604375279443,D1B,181
150,W9,5,10,2016,10/5/16,7:10:00 PM,28.6,8.79,30,1,3,30,1,0,40,0,0,0,0,0,0,0,0,0,1,0.7473122768381871,D2A,181
151,W10,5,10,2016,10/5/16,7:09:00 PM,29,8.64,30,1,3,40,4,0,40,0,0,0,0,0,0,0,0,0,1,0.8515842539195699,D1B,181
152,E1,19,10,2016,10/19/16,6:55:00 PM,29.1,9.95,80,3,3,35,0,2,0,0,0,120,0,0,0,0,0,0,1,0.5955930305260475,D2B,181
153,E2,19,10,2016,10/19/16,6:59:00 PM,29,11.83,70,4,3,0,0,0,65,15,0,100,0,0,0,0,0,0,1,0.9014404944537732,D2B,181
154,E3,19,10,2016,10/19/16,7:04:00 PM,28.9,9.65,80,2,4,5,0,1,0,0,0,90,0,0,0,0,1,0,1,0.3166691239477709,D2B,181
155,E4 (CON),19,10,2016,10/19/16,7:09:00 PM,29,,20,1,3,14,0,0,20,0,4,0,0,0,0,0,0,0,0,0.9426749615639384,CON,181
156,E5,19,10,2016,10/19/16,7:10:00 PM,29,,10,1,2,19,0,0,20,60,0,0,0,0,0,0,0,0,1,0.9434061146945067,D1A,181
157,E6,19,10,2016,10/19/16,7:14:00 PM,29.1,12.85,20,2,3,6,0,1,60,40,0,90,0,0,0,0,0,0,1,1.1768622107533404,D1A,181
158,E7 (CON),19,10,2016,10/19/16,7:19:00 PM,29,,60,1,1,27,0,0,0,0,0,0,0,0,0,0,0,0,0,0,CON,181
159,E8,19,10,2016,10/19/16,7:20:00 PM,29.2,12.77,40,3,3,8,5,2,0,0,0,30,1,0,0,0,0,0,1,1.043751446345753,D2A,181
160,E9,19,10,2016,10/19/16,7:23:00 PM,29.2,12.9,30,3,3,18,4,0,0,0,0,70,1,0,0,0,0,0,1,0.7157550197116898,D1B,181
161,W1 (CON),19,10,2016,10/19/16,7:25:00 PM,29,,0,0,1,0,0,0,0,0,7,0,0,0,0,0,0,0,0,0,CON,181
162,W2,19,10,2016,10/19/16,7:26:00 PM,29.2,9.1,25,2,3,0,0,0,80,130,0,0,0,0,0,0,0,0,1,0.6645284386549151,D1B,181
163,W3,19,10,2016,10/19/16,7:30:00 PM,29,,5,1,5,21,2,1,50,0,0,0,1,0,0,0,0,0,1,0.8385225692067229,D1A,181
164,W4,19,10,2016,10/19/16,7:35:00 PM,29.2,9.11,10,2,2,32,2,0,200,50,0,0,1,0,30,0,0,0,1,1.087206326820584,D2B,181
165,W5 (CON),19,10,2016,10/19/16,7:38:00 PM,29,,0,0,1,10,0,0,0,5,0,0,0,0,0,0,0,0,0,0.6365141682948128,CON,181
166,W6,19,10,2016,10/19/16,7:39:00 PM,29.2,9.22,10,3,2,21,2,0,40,0,0,0,0,0,0,0,0,0,1,0.7641435562666243,D2A,181
167,W7,19,10,2016,10/19/16,7:41:00 PM,29.3,8.98,25,2,3,21,10,0,40,0,0,0,0,0,1,0,0,0,1,1.0194994483675859,D2A,181
168,W8,19,10,2016,10/19/16,7:43:00 PM,29.4,9.02,10,2,3,8,10,0,0,10,0,0,0,0,0,0,0,0,1,1.0933747175566468,D1B,181
169,W9,19,10,2016,10/19/16,7:47:00 PM,29.2,9.21,10,1,3,16,9,1,40,0,0,0,0,0,0,0,0,0,1,0.9822059705655176,D2A,181
170,W10,19,10,2016,10/19/16,7:50:00 PM,29.3,9.05,10,1,3,3,5,0,30,0,0,0,0,0,0,0,0,0,1,0.6539296366200833,D1B,181
171,E1,14,12,2016,12/14/16,3:56:00 PM,33.6,9.69,95,3,3,30,0,1,0,0,0,80,0,0,0,0,0,0,1,0.6320702713684135,D2B,292.6
172,E2,14,12,2016,12/14/16,4:06:00 PM,33.9,9.75,90,3,3,25,0,0,0,0,0,90,0,0,0,1,0,0,1,0.5686353122147364,D2B,292.6
173,E3,14,12,2016,12/14/16,4:14:00 PM,34.1,9.77,100,3,2,0,0,0,0,0,0,30,0,0,0,1,0,0,1,0.1425058673927378,D2B,292.6
174,E4 (CON),14,12,2016,12/14/16,4:17:00 PM,33.3,,80,1,2,30,0,0,20,0,0,0,0,0,0,0,0,0,0,0.6730116670092565,CON,292.6
175,E5,14,12,2016,12/14/16,4:18:00 PM,33.3,,20,1,2,15,0,0,250,0,0,0,0,0,0,0,0,0,1,0.21751857133680802,D1A,292.6
176,E6,14,12,2016,12/14/16,4:23:00 PM,34,9.79,70,3,3,12,0,1,70,0,0,0,0,0,0,0,0,0,1,0.4765087193518855,D1A,292.6
177,E7 (CON),14,12,2016,12/14/16,4:26:00 PM,33.3,,100,1,1,18,0,0,0,0,0,0,0,0,0,0,0,0,0,0,CON,292.6
178,E8,14,12,2016,12/14/16,4:28:00 PM,33.8,9.84,95,3,1,10,0,1,30,0,0,0,0,0,0,0,0,0,1,0.6632849354895488,D2A,292.6
179,E9,14,12,2016,12/14/16,4:33:00 PM,34,9.83,85,3,5,20,15,1,0,0,0,0,1,0,0,1,0,0,1,0.991917778473413,D1B,292.6
180,W1 (CON),14,12,2016,12/14/16,4:42:00 PM,33.3,,50,1,0,0,0,0,0,0,0,0,0,0,0,0,0,0,0,0,CON,292.6
181,W2,14,12,2016,12/14/16,4:43:00 PM,34,9.8,90,3,4,25,0,0,0,0,0,30,0,0,0,2,1,0,1,0.8898548823965992,D1B,292.6
182,W3,14,12,2016,12/14/16,4:53:00 PM,33.2,,30,1,1,25,2,1,45,0,0,0,0,0,0,0,0,0,1,0.8225416052238802,D1A,292.6
183,W4,14,12,2016,12/14/16,4:55:00 PM,33.2,9.8,70,2,2,30,0,0,0,0,0,30,0,0,0,0,0,0,1,0.6931471805599453,D2B,292.6
184,W5 (CON),14,12,2016,12/14/16,5:01:00 PM,33.1,,50,1,0,0,0,0,0,5,0,0,0,0,0,0,0,0,0,0,CON,292.6
185,W6,14,12,2016,12/14/16,5:03:00 PM,33.5,9.77,65,4,2,65,0,0,0,0,0,120,0,0,0,0,0,0,1,0.6482791673644765,D2A,292.6
186,W7,14,12,2016,12/14/16,5:07:00 PM,33.3,9.72,75,4,3,18,9,0,0,0,0,120,0,0,1,0,0,0,1,0.6303155036830174,D2A,292.6
187,W8,14,12,2016,12/14/16,5:11:00 PM,33.2,9.84,80,3,4,50,8,1,0,0,0,120,0,0,0,0,0,1,1,0.8222030078974798,D1B,292.6
188,W9,14,12,2016,12/14/16,5:16:00 PM,32.8,9.85,80,3,4,45,20,1,0,0,0,120,0,0,0,0,0,0,1,0.8939538422906759,D2A,292.6
189,W10,14,12,2016,12/14/16,5:20:00 PM,32.5,9.87,90,1,3,40,0,0,0,0,0,120,0,0,0,1,0,0,1,0.596595748224196,D1B,292.6
190,E1,15,3,2017,3/15/17,5:00:00 PM,30.9,8.66,40,2,4,10,0,0,0,0,0,120,0,0,40,4,0,0,1,0.8451172781063508,D2B,136.6
191,E2,15,3,2017,3/15/17,5:05:00 PM,31.6,8.84,60,2,4,3,0,0,0,0,0,120,0,0,4,2,0,0,1,0.3270502508310574,D2B,136.6
192,E3,15,3,2017,3/15/17,5:10:00 PM,31.7,8.93,95,2,3,30,0,0,0,0,0,120,1,0,0,1,0,1,1,0.608640989472761,D2B,136.6
193,E4 (CON),15,3,2017,3/15/17,5:18:00 PM,31.8,,95,1,2,30,0,0,0,0,0,0,0,0,9999,0,0,0,0,0.02037254453268109,CON,136.6
194,E5,15,3,2017,3/15/17,5:20:00 PM,31.8,,3,1,3,0,1,0,200,0,0,120,3,0,20,0,0,0,1,0.906417922546256,D1A,136.6
195,E6,15,3,2017,3/15/17,5:25:00 PM,31.9,9.05,3,3,5,3,0,3,90,0,0,0,0,0,0,0,0,0,1,0.2771133574914559,D1A,136.6
196,E7 (CON),15,3,2017,3/15/17,5:29:00 PM,31.3,,80,1,1,0,0,0,0,0,0,0,0,0,9999,0,0,0,0,0,CON,136.6
197,E8,15,3,2017,3/15/17,5:30:00 PM,31.7,9.08,80,3,4,40,0,0,0,0,0,120,0,0,5,2,0,0,1,0.7378281164784715,D2A,136.6
198,E9,15,3,2017,3/15/17,5:35:00 PM,32,9.06,60,3,2,20,2,0,0,0,0,0,0,0,0,1,0,0,1,0.4702359623552492,D1B,136.6
199,W1 (CON),15,3,2017,3/15/17,5:43:00 PM,31.3,,80,1,2,10,0,0,0,0,4,0,0,0,0,0,0,0,0,0.5982695885852573,CON,136.6
200,W2,15,3,2017,3/15/17,5:45:00 PM,31.7,9.1,10,2,4,60,2,1,0,0,0,30,0,0,0,3,1,0,1,0.9419406031393116,D1B,136.6
201,W3,15,3,2017,3/15/17,5:49:00 PM,31.3,,0,0,2,40,2,0,0,0,0,0,0,0,0,0,0,0,1,0.19144408195771734,D1A,136.6
202,W4,15,3,2017,3/15/17,5:50:00 PM,32,9.1,5,1,3,30,0,2,0,0,0,0,0,0,0,1,0,0,1,0.3625010217396757,D2B,136.6
203,W5 (CON),15,3,2017,3/15/17,5:59:00 PM,30.7,,70,1,1,10,0,0,0,5,0,0,0,0,0,0,0,0,0,0.6365141682948128,CON,136.6
204,W6,15,3,2017,3/15/17,6:00:00 PM,31.6,8.93,10,4,2,20,0,0,0,0,0,120,0,0,0,0,0,0,1,0.41011631828840894,D2A,136.6
205,W7,15,3,2017,3/15/17,6:05:00 PM,31.6,9,5,4,4,30,3,0,0,0,0,120,0,0,1,0,0,1,1,0.6574201656307659,D2A,136.6
206,W8,15,3,2017,3/15/17,6:10:00 PM,31.7,9.29,5,3,4,10,1,0,0,0,0,120,0,0,0,0,2,1,1,0.42835357289937503,D1B,136.6
207,W9,15,3,2017,3/15/17,6:15:00 PM,31.7,9.34,5,3,4,50,2,1,0,0,0,120,0,0,0,0,0,0,1,0.6938323241719252,D2A,136.6
208,W10,15,3,2017,3/15/17,6:25:00 PM,31.4,9.24,10,1,4,10,1,1,0,0,0,120,0,0,0,0,0,0,1,0.3560984372546589,D1B,136.6
209,E1,19,4,2017,4/19/17,10:44:00 AM,33.6,8.41,5,2,4,0,0,0,30,120,0,9999,0,0,15,4,0,0,1,0.09876573316470294,D2B,210.4
210,E2,19,4,2017,4/19/17,10:49:00 AM,34.2,8.32,5,2,6,2,1,0,40,120,0,9999,0,0,20,2,0,0,1,0.108587392899925,D2B,210.4
211,E3,19,4,2017,4/19/17,10:53:00 AM,34.1,8.45,5,2,6,20,0,1,40,120,0,9999,0,0,10,1,0,0,1,0.11355148309785848,D2B,210.4
212,E4 (CON),19,4,2017,4/19/17,10:56:00 AM,31,,0,1,1,0,0,0,0,3,0,0,0,0,9999,0,0,0,0,0.0027329868261273442,CON,210.4
213,E5,19,4,2017,4/19/17,10:57:00 AM,31,,0,0,5,3,0,2,9999,0,0,120,0,0,9999,0,0,0,1,0.7278084516500881,D1A,210.4
214,E6,19,4,2017,4/19/17,10:59:00 AM,34.5,7.97,5,2,6,0,0,0,120,120,0,120,0,0,120,0,0,2,1,1.4074413528545382,D1A,210.4
215,E7 (CON),19,4,2017,4/19/17,11:03:00 AM,31,,0,0,2,40,0,0,0,0,0,0,0,0,9999,0,0,0,0,0.025992064751485185,CON,210.4
216,E8,19,4,2017,4/19/17,11:04:00 AM,34.9,8.24,10,1,5,25,0,0,40,120,0,9999,0,0,10,2,0,0,1,0.11636005761029734,D2A,210.4
217,E9,19,4,2017,4/19/17,11:10:00 AM,34.7,8.22,2,2,4,0,1,0,120,120,0,9999,0,0,0,1,0,0,1,0.12936093151678038,D1B,210.4
218,W1 (CON),19,4,2017,4/19/17,11:11:00 AM,31,,0,1,1,0,0,0,0,0,4,0,0,0,0,0,0,0,0,0,CON,210.4
219,W2,19,4,2017,4/19/17,11:12:00 AM,35,8.35,2,2,6,50,0,2,120,120,0,120,0,0,0,3,0,0,1,1.3926633180618595,D1B,210.4
220,W3,19,4,2017,4/19/17,11:16:00 AM,31,,0,0,3,0,0,0,30,30,0,0,0,0,120,0,0,0,1,0.8675632284814612,D1A,210.4
221,W4,19,4,2017,4/19/17,11:18:00 AM,35.2,8.37,15,1,5,30,0,1,120,120,0,0,0,0,9999,0,0,0,1,0.14796308489835142,D2B,210.4
222,W5 (CON),19,4,2017,4/19/17,11:22:00 AM,31,,0,0,2,30,0,0,0,5,0,0,0,0,9999,0,0,0,0,0.0246498392076871,CON,210.4
223,W6,19,4,2017,4/19/17,11:23:00 AM,35.6,8.3,10,1,5,20,0,0,120,120,0,9999,0,0,9999,0,0,0,1,0.7645971125937754,D2A,210.4
224,W7,19,4,2017,4/19/17,11:25:00 AM,35.6,8.75,20,4,6,60,0,1,120,120,0,9999,0,0,120,0,0,0,1,0.2243852778288185,D2A,210.4
225,W8,19,4,2017,4/19/17,11:27:00 AM,35.3,8.36,5,1,4,40,0,0,30,30,0,120,0,0,0,0,2,0,1,1.2246939379116841,D1B,210.4
226,W9,19,4,2017,4/19/17,11:30:00 AM,35.6,8.44,5,1,6,70,0,2,120,120,0,9999,0,0,9999,0,0,0,1,0.7788309471221752,D2A,210.4
227,W10,19,4,2017,4/19/17,11:33:00 AM,34.9,8.37,5,2,6,20,5,0,120,120,0,120,0,0,120,0,0,0,1,1.5394933370602462,D1B,210.4
228,E1,6,7,2017,7/6/17,4:06:00 PM,33.5,8.7,80,3,6,60,0,0,120,120,0,9999,0,0,9999,2,0,0,1,0.7763844485202642,D2B,80
229,E2,6,7,2017,7/6/17,4:13:00 PM,33.5,9.28,70,4,6,100,0,2,0,0,0,9999,0,1,6,2,0,0,1,0.06527303273381135,D2B,80
230,E3,6,7,2017,7/6/17,4:24:00 PM,33.5,9.47,80,3,7,50,1,5,0,40,0,9999,0,0,4,1,0,0,1,0.06683108650913967,D2B,80
231,E4 (CON),6,7,2017,7/6/17,4:28:00 PM,29.9,,80,1,1,0,0,0,0,0,0,0,0,0,120,0,0,0,0,0,CON,80
232,E5,6,7,2017,7/6/17,4:30:00 PM,29.9,,0,0,6,10,0,2,120,120,0,120,5,0,120,0,0,0,1,1.5195450132422768,D1A,80
233,E6,6,7,2017,7/6/17,4:34:00 PM,34,8.59,25,1,6,30,0,2,120,9999,0,120,7,0,120,0,0,0,1,0.21554167261480686,D1A,80
234,E7 (CON),6,7,2017,7/6/17,4:40:00 PM,29.9,,80,2,2,100,0,0,0,0,0,0,0,0,120,0,0,0,0,0.6890092384766586,CON,80
235,E8,6,7,2017,7/6/17,4:45:00 PM,33.7,9.46,60,3,8,40,0,1,9999,120,0,9999,0,1,3,2,0,0,1,0.7417000783806862,D2A,80
236,E9,6,7,2017,7/6/17,4:51:00 PM,34,8.59,10,2,7,90,1,0,120,120,0,9999,12,0,4,0,0,0,1,0.18940276890573102,D1B,80
237,W1 (CON),6,7,2017,7/6/17,4:54:00 PM,30,,2,1,2,1,0,0,0,0,4,0,0,0,9999,0,0,0,0,0.0045489078675618605,CON,80
238,W2,6,7,2017,7/6/17,4:58:00 PM,33.5,8.8,10,2,8,30,5,4,0,120,0,9999,0,0,5,1,1,0,1,0.09818945291497548,D1B,80
239,W3,6,7,2017,7/6/17,5:00:00 PM,30,,0,0,3,45,9,0,0,10,0,0,0,0,0,0,0,0,1,0.8135598932716903,D1A,80
240,W4,6,7,2017,7/6/17,5:05:00 PM,33.4,9.28,85,3,6,25,0,1,0,120,0,9999,0,1,0,0,0,1,1,0.08448158220782356,D2B,80
241,W5 (CON),6,7,2017,7/6/17,5:08:00 PM,30,,40,1,1,0,0,0,0,5,0,0,0,0,9999,0,0,0,0,0.004298806696261287,CON,80
242,W6,6,7,2017,7/6/17,5:11:00 PM,33,9.23,80,3,6,45,0,1,40,120,0,9999,0,0,0,2,0,0,1,0.12061705416810062,D2A,80
243,W7,6,7,2017,7/6/17,5:17:00 PM,33.3,9.36,85,3,5,25,0,1,40,120,0,9999,0,0,120,0,0,0,1,0.17000909095236422,D2A,80
244,W8,6,7,2017,7/6/17,5:20:00 PM,33.3,9.28,70,3,5,25,0,0,30,9999,0,9999,0,0,0,0,1,1,1,0.7130702441301267,D1B,80
245,W9,6,7,2017,7/6/17,5:23:00 PM,33.2,9.49,80,3,5,9,0,3,120,120,0,9999,0,0,0,0,0,0,1,0.13696818533308064,D2A,80
246,W10,6,7,2017,7/6/17,5:31:00 PM,33.1,9.45,95,3,5,21,3,0,120,120,0,120,0,0,120,0,0,0,1,1.5296658621317292,D1B,80